payload_id,agent_id,received_at,envelope_created_at,payload_collected_at,hostname,username,crypto_scheme,key_id,nonce_hash,ciphertext_hash,decrypted_payload_hash,encrypted_envelope_json,validation_status,duplicate_attempt_count
pld-4316d0a8-b551-4e91-aca0-ed1be17ef573,agt-1001,2026-05-15 23:59:00+00,2026-05-15 23:59:00+00,2026-05-15 23:59:00+00,LT-JDOE,jdoe,AES-256-GCM,key-1,hash,hash,hash,{},VALID,0
pld-d5426e31-e4e0-4d4b-841d-49c0f8bfb6f5,agt-1002,2026-05-15 23:59:00+00,2026-05-15 23:59:00+00,2026-05-15 23:59:00+00,LT-ASMITH,asmith,AES-256-GCM,key-1,hash,hash,hash,{},VALID,0
pld-0bdaa924-b79c-4e8b-b81d-ccd16f342011,agt-1003,2026-05-15 23:59:00+00,2026-05-15 23:59:00+00,2026-05-15 23:59:00+00,LT-MJONES,mjones,AES-256-GCM,key-1,hash,hash,hash,{},VALID,0
pld-59cd499a-6a78-4373-a653-c5f453ad8f7b,agt-1004,2026-05-15 23:59:00+00,2026-05-15 23:59:00+00,2026-05-15 23:59:00+00,LT-BWILLIAMS,bwilliams,AES-256-GCM,key-1,hash,hash,hash,{},VALID,0
pld-39586e76-f2cb-4c38-b642-46c06575574b,agt-1005,2026-05-15 23:59:00+00,2026-05-15 23:59:00+00,2026-05-15 23:59:00+00,LT-CDAVIS,cdavis,AES-256-GCM,key-1,hash,hash,hash,{},VALID,0
pld-ecb06d7d-aa41-429c-b450-07dbfd6c3315,agt-1006,2026-05-15 23:59:00+00,2026-05-15 23:59:00+00,2026-05-15 23:59:00+00,LT-MSCOTT,mscott,AES-256-GCM,key-1,hash,hash,hash,{},VALID,0
pld-5558c66f-b5c5-480c-849a-0af9f7ad5848,agt-1007,2026-05-15 23:59:00+00,2026-05-15 23:59:00+00,2026-05-15 23:59:00+00,LT-TJONES,tjones,AES-256-GCM,key-1,hash,hash,hash,{},VALID,0
pld-c4a4b8cb-b8bc-4634-bc2c-7edb48f66d32,agt-1008,2026-05-15 23:59:00+00,2026-05-15 23:59:00+00,2026-05-15 23:59:00+00,LT-RWILSON,rwilson,AES-256-GCM,key-1,hash,hash,hash,{},VALID,0
pld-9fd0a93b-c7e7-4d02-875a-71b0859c1581,agt-1009,2026-05-15 23:59:00+00,2026-05-15 23:59:00+00,2026-05-15 23:59:00+00,LT-ESNOW,esnow,AES-256-GCM,key-1,hash,hash,hash,{},VALID,0
pld-c805da79-bf57-44fd-bac5-b35f275c2f1e,agt-1010,2026-05-15 23:59:00+00,2026-05-15 23:59:00+00,2026-05-15 23:59:00+00,LT-BADMIN,badmin,AES-256-GCM,key-1,hash,hash,hash,{},VALID,0
pld-c6ff2340-a95d-48c5-8c93-1aa58f3efc51,agt-1001,2026-05-16 23:59:00+00,2026-05-16 23:59:00+00,2026-05-16 23:59:00+00,LT-JDOE,jdoe,AES-256-GCM,key-1,hash,hash,hash,{},VALID,0
pld-60a85649-3803-4f04-ad35-9db70e12e5d2,agt-1002,2026-05-16 23:59:00+00,2026-05-16 23:59:00+00,2026-05-16 23:59:00+00,LT-ASMITH,asmith,AES-256-GCM,key-1,hash,hash,hash,{},VALID,0
pld-74671ee9-4f12-487b-84ff-04acc1972361,agt-1003,2026-05-16 23:59:00+00,2026-05-16 23:59:00+00,2026-05-16 23:59:00+00,LT-MJONES,mjones,AES-256-GCM,key-1,hash,hash,hash,{},VALID,0
pld-970eeba1-1fa4-4c10-8b79-1a8b592c0b17,agt-1004,2026-05-16 23:59:00+00,2026-05-16 23:59:00+00,2026-05-16 23:59:00+00,LT-BWILLIAMS,bwilliams,AES-256-GCM,key-1,hash,hash,hash,{},VALID,0
pld-f3bf96f3-8c3b-42e6-8d17-31715ce1c2a2,agt-1005,2026-05-16 23:59:00+00,2026-05-16 23:59:00+00,2026-05-16 23:59:00+00,LT-CDAVIS,cdavis,AES-256-GCM,key-1,hash,hash,hash,{},VALID,0
pld-c8fe4d15-4913-49a4-b4af-225cb65283b2,agt-1006,2026-05-16 23:59:00+00,2026-05-16 23:59:00+00,2026-05-16 23:59:00+00,LT-MSCOTT,mscott,AES-256-GCM,key-1,hash,hash,hash,{},VALID,0
pld-8c746bc6-1aef-4430-bc4d-4241ca78c2b1,agt-1007,2026-05-16 23:59:00+00,2026-05-16 23:59:00+00,2026-05-16 23:59:00+00,LT-TJONES,tjones,AES-256-GCM,key-1,hash,hash,hash,{},VALID,0
pld-61ac6447-5d5f-4d0d-8b5d-25cf24c21458,agt-1008,2026-05-16 23:59:00+00,2026-05-16 23:59:00+00,2026-05-16 23:59:00+00,LT-RWILSON,rwilson,AES-256-GCM,key-1,hash,hash,hash,{},VALID,0
pld-abb216f6-89bf-45a7-b9df-5b4baf1ea48e,agt-1009,2026-05-16 23:59:00+00,2026-05-16 23:59:00+00,2026-05-16 23:59:00+00,LT-ESNOW,esnow,AES-256-GCM,key-1,hash,hash,hash,{},VALID,0
pld-0fff65fc-e362-4707-b287-30d8040fd0e6,agt-1010,2026-05-16 23:59:00+00,2026-05-16 23:59:00+00,2026-05-16 23:59:00+00,LT-BADMIN,badmin,AES-256-GCM,key-1,hash,hash,hash,{},VALID,0
pld-501fa149-fcea-4e9a-acd0-b1d60ef06747,agt-1001,2026-05-17 23:59:00+00,2026-05-17 23:59:00+00,2026-05-17 23:59:00+00,LT-JDOE,jdoe,AES-256-GCM,key-1,hash,hash,hash,{},VALID,0
pld-fe1e4291-33b9-412a-ae88-60339397c9ea,agt-1002,2026-05-17 23:59:00+00,2026-05-17 23:59:00+00,2026-05-17 23:59:00+00,LT-ASMITH,asmith,AES-256-GCM,key-1,hash,hash,hash,{},VALID,0
pld-0ee9b6f0-888e-4e87-9a01-1cc48788029c,agt-1003,2026-05-17 23:59:00+00,2026-05-17 23:59:00+00,2026-05-17 23:59:00+00,LT-MJONES,mjones,AES-256-GCM,key-1,hash,hash,hash,{},VALID,0
pld-db4ba592-19aa-44a6-ba12-5881e4ca371c,agt-1004,2026-05-17 23:59:00+00,2026-05-17 23:59:00+00,2026-05-17 23:59:00+00,LT-BWILLIAMS,bwilliams,AES-256-GCM,key-1,hash,hash,hash,{},VALID,0
pld-956dd17b-5fdf-4c25-bb31-e30eb5cfd63c,agt-1005,2026-05-17 23:59:00+00,2026-05-17 23:59:00+00,2026-05-17 23:59:00+00,LT-CDAVIS,cdavis,AES-256-GCM,key-1,hash,hash,hash,{},VALID,0
pld-886090d6-7ff1-4366-b07f-371bb48ec1ab,agt-1006,2026-05-17 23:59:00+00,2026-05-17 23:59:00+00,2026-05-17 23:59:00+00,LT-MSCOTT,mscott,AES-256-GCM,key-1,hash,hash,hash,{},VALID,0
pld-0a6431b1-4351-4ce1-9e6c-abd14a467ecb,agt-1007,2026-05-17 23:59:00+00,2026-05-17 23:59:00+00,2026-05-17 23:59:00+00,LT-TJONES,tjones,AES-256-GCM,key-1,hash,hash,hash,{},VALID,0
pld-f5fc6660-0204-4de4-aaa0-43210539adff,agt-1008,2026-05-17 23:59:00+00,2026-05-17 23:59:00+00,2026-05-17 23:59:00+00,LT-RWILSON,rwilson,AES-256-GCM,key-1,hash,hash,hash,{},VALID,0
pld-fdabd9a9-7839-4193-b245-bcade38fb1e4,agt-1009,2026-05-17 23:59:00+00,2026-05-17 23:59:00+00,2026-05-17 23:59:00+00,LT-ESNOW,esnow,AES-256-GCM,key-1,hash,hash,hash,{},VALID,0
pld-0d8025d3-d18a-40c5-9577-debfcd1b1835,agt-1010,2026-05-17 23:59:00+00,2026-05-17 23:59:00+00,2026-05-17 23:59:00+00,LT-BADMIN,badmin,AES-256-GCM,key-1,hash,hash,hash,{},VALID,0
pld-008bb450-0955-4d5e-a94a-179dd79dc8c3,agt-1001,2026-05-18 23:59:00+00,2026-05-18 23:59:00+00,2026-05-18 23:59:00+00,LT-JDOE,jdoe,AES-256-GCM,key-1,hash,hash,hash,{},VALID,0
pld-0d30ffe0-ddbd-404a-98ce-131985e50237,agt-1002,2026-05-18 23:59:00+00,2026-05-18 23:59:00+00,2026-05-18 23:59:00+00,LT-ASMITH,asmith,AES-256-GCM,key-1,hash,hash,hash,{},VALID,0
pld-568f5797-8ab9-4c4e-989a-7d4a1a18dd76,agt-1003,2026-05-18 23:59:00+00,2026-05-18 23:59:00+00,2026-05-18 23:59:00+00,LT-MJONES,mjones,AES-256-GCM,key-1,hash,hash,hash,{},VALID,0
pld-2d434f4f-15f0-462f-b8c5-80b5bdeee058,agt-1004,2026-05-18 23:59:00+00,2026-05-18 23:59:00+00,2026-05-18 23:59:00+00,LT-BWILLIAMS,bwilliams,AES-256-GCM,key-1,hash,hash,hash,{},VALID,0
pld-09601939-4fd1-4d53-af8a-3e5649dd6ecd,agt-1005,2026-05-18 23:59:00+00,2026-05-18 23:59:00+00,2026-05-18 23:59:00+00,LT-CDAVIS,cdavis,AES-256-GCM,key-1,hash,hash,hash,{},VALID,0
pld-031c8d47-e82a-4e99-9ce2-65e463b60857,agt-1006,2026-05-18 23:59:00+00,2026-05-18 23:59:00+00,2026-05-18 23:59:00+00,LT-MSCOTT,mscott,AES-256-GCM,key-1,hash,hash,hash,{},VALID,0
pld-060e3cbb-860e-44fc-b46f-b0b01985654c,agt-1007,2026-05-18 23:59:00+00,2026-05-18 23:59:00+00,2026-05-18 23:59:00+00,LT-TJONES,tjones,AES-256-GCM,key-1,hash,hash,hash,{},VALID,0
pld-d15ac5b5-b673-4d24-ba72-541b4f192cba,agt-1008,2026-05-18 23:59:00+00,2026-05-18 23:59:00+00,2026-05-18 23:59:00+00,LT-RWILSON,rwilson,AES-256-GCM,key-1,hash,hash,hash,{},VALID,0
pld-b941814b-9e38-4aa1-949b-32dbce5a6b2a,agt-1009,2026-05-18 23:59:00+00,2026-05-18 23:59:00+00,2026-05-18 23:59:00+00,LT-ESNOW,esnow,AES-256-GCM,key-1,hash,hash,hash,{},VALID,0
pld-8a4a6b48-d5b8-42a7-9a8c-a577bc349e47,agt-1010,2026-05-18 23:59:00+00,2026-05-18 23:59:00+00,2026-05-18 23:59:00+00,LT-BADMIN,badmin,AES-256-GCM,key-1,hash,hash,hash,{},VALID,0
pld-69862543-de95-4af8-ac86-8826254c2478,agt-1001,2026-05-19 23:59:00+00,2026-05-19 23:59:00+00,2026-05-19 23:59:00+00,LT-JDOE,jdoe,AES-256-GCM,key-1,hash,hash,hash,{},VALID,0
pld-7196e6bb-3ae7-45c0-949b-3681bb5884aa,agt-1002,2026-05-19 23:59:00+00,2026-05-19 23:59:00+00,2026-05-19 23:59:00+00,LT-ASMITH,asmith,AES-256-GCM,key-1,hash,hash,hash,{},VALID,0
pld-7443dd8d-ae76-4838-8c58-1ee0dbfe29c3,agt-1003,2026-05-19 23:59:00+00,2026-05-19 23:59:00+00,2026-05-19 23:59:00+00,LT-MJONES,mjones,AES-256-GCM,key-1,hash,hash,hash,{},VALID,0
pld-03cdee88-52e3-478f-a340-b2b5719f6ef9,agt-1004,2026-05-19 23:59:00+00,2026-05-19 23:59:00+00,2026-05-19 23:59:00+00,LT-BWILLIAMS,bwilliams,AES-256-GCM,key-1,hash,hash,hash,{},VALID,0
pld-8dab57bb-6ee3-4d43-846b-1a55a109cfa1,agt-1005,2026-05-19 23:59:00+00,2026-05-19 23:59:00+00,2026-05-19 23:59:00+00,LT-CDAVIS,cdavis,AES-256-GCM,key-1,hash,hash,hash,{},VALID,0
pld-c65b2dd0-341f-4d53-b057-f5255cdc8db4,agt-1006,2026-05-19 23:59:00+00,2026-05-19 23:59:00+00,2026-05-19 23:59:00+00,LT-MSCOTT,mscott,AES-256-GCM,key-1,hash,hash,hash,{},VALID,0
pld-004511cf-f326-4b70-9d2f-beea66ce2003,agt-1007,2026-05-19 23:59:00+00,2026-05-19 23:59:00+00,2026-05-19 23:59:00+00,LT-TJONES,tjones,AES-256-GCM,key-1,hash,hash,hash,{},VALID,0
pld-60ba1815-3703-4552-8b11-24162bc66ba3,agt-1008,2026-05-19 23:59:00+00,2026-05-19 23:59:00+00,2026-05-19 23:59:00+00,LT-RWILSON,rwilson,AES-256-GCM,key-1,hash,hash,hash,{},VALID,0
pld-2df7816d-0276-42fb-ba08-70c6fc01c059,agt-1009,2026-05-19 23:59:00+00,2026-05-19 23:59:00+00,2026-05-19 23:59:00+00,LT-ESNOW,esnow,AES-256-GCM,key-1,hash,hash,hash,{},VALID,0
pld-f7d5ff1b-6878-4b7a-88e3-c744006497a9,agt-1010,2026-05-19 23:59:00+00,2026-05-19 23:59:00+00,2026-05-19 23:59:00+00,LT-BADMIN,badmin,AES-256-GCM,key-1,hash,hash,hash,{},VALID,0
pld-55778c9e-9101-4d51-ad61-fdc8b0e6271d,agt-1001,2026-05-20 23:59:00+00,2026-05-20 23:59:00+00,2026-05-20 23:59:00+00,LT-JDOE,jdoe,AES-256-GCM,key-1,hash,hash,hash,{},VALID,0
pld-02e70277-6cb4-4b32-88b8-02e447eaa7d3,agt-1002,2026-05-20 23:59:00+00,2026-05-20 23:59:00+00,2026-05-20 23:59:00+00,LT-ASMITH,asmith,AES-256-GCM,key-1,hash,hash,hash,{},VALID,0
pld-56cde917-b153-4a80-8cdf-0964a12fbbae,agt-1003,2026-05-20 23:59:00+00,2026-05-20 23:59:00+00,2026-05-20 23:59:00+00,LT-MJONES,mjones,AES-256-GCM,key-1,hash,hash,hash,{},VALID,0
pld-7370dc23-8e27-4718-a763-df0a78f4c5d8,agt-1004,2026-05-20 23:59:00+00,2026-05-20 23:59:00+00,2026-05-20 23:59:00+00,LT-BWILLIAMS,bwilliams,AES-256-GCM,key-1,hash,hash,hash,{},VALID,0
pld-712da93f-f059-4e1b-8192-92159d7a83a9,agt-1005,2026-05-20 23:59:00+00,2026-05-20 23:59:00+00,2026-05-20 23:59:00+00,LT-CDAVIS,cdavis,AES-256-GCM,key-1,hash,hash,hash,{},VALID,0
pld-fe6f8e43-be2f-49b3-8544-284d21ccaabe,agt-1006,2026-05-20 23:59:00+00,2026-05-20 23:59:00+00,2026-05-20 23:59:00+00,LT-MSCOTT,mscott,AES-256-GCM,key-1,hash,hash,hash,{},VALID,0
pld-e4a71e6e-1df3-4c8c-b9f2-745f5ea9f7b2,agt-1007,2026-05-20 23:59:00+00,2026-05-20 23:59:00+00,2026-05-20 23:59:00+00,LT-TJONES,tjones,AES-256-GCM,key-1,hash,hash,hash,{},VALID,0
pld-ec733b9e-c0cc-4453-b1de-1b2d5a90edc2,agt-1008,2026-05-20 23:59:00+00,2026-05-20 23:59:00+00,2026-05-20 23:59:00+00,LT-RWILSON,rwilson,AES-256-GCM,key-1,hash,hash,hash,{},VALID,0
pld-23074a97-34b1-4f86-a542-a925e51ddc8a,agt-1009,2026-05-20 23:59:00+00,2026-05-20 23:59:00+00,2026-05-20 23:59:00+00,LT-ESNOW,esnow,AES-256-GCM,key-1,hash,hash,hash,{},VALID,0
pld-2c83d2f9-56b0-4ebb-aed0-6a6db936768b,agt-1010,2026-05-20 23:59:00+00,2026-05-20 23:59:00+00,2026-05-20 23:59:00+00,LT-BADMIN,badmin,AES-256-GCM,key-1,hash,hash,hash,{},VALID,0
pld-cf926ef4-5a82-4819-9304-30e896819b05,agt-1001,2026-05-21 23:59:00+00,2026-05-21 23:59:00+00,2026-05-21 23:59:00+00,LT-JDOE,jdoe,AES-256-GCM,key-1,hash,hash,hash,{},VALID,0
pld-0843369e-3266-4e7b-9e09-88e00f819253,agt-1002,2026-05-21 23:59:00+00,2026-05-21 23:59:00+00,2026-05-21 23:59:00+00,LT-ASMITH,asmith,AES-256-GCM,key-1,hash,hash,hash,{},VALID,0
pld-c223887c-3967-4ba1-887a-36647af82be7,agt-1003,2026-05-21 23:59:00+00,2026-05-21 23:59:00+00,2026-05-21 23:59:00+00,LT-MJONES,mjones,AES-256-GCM,key-1,hash,hash,hash,{},VALID,0
pld-3e0d4549-078a-4827-a1a1-d9b0cf4f0cc3,agt-1004,2026-05-21 23:59:00+00,2026-05-21 23:59:00+00,2026-05-21 23:59:00+00,LT-BWILLIAMS,bwilliams,AES-256-GCM,key-1,hash,hash,hash,{},VALID,0
pld-a5978603-7c90-4266-8a2e-370641efd432,agt-1005,2026-05-21 23:59:00+00,2026-05-21 23:59:00+00,2026-05-21 23:59:00+00,LT-CDAVIS,cdavis,AES-256-GCM,key-1,hash,hash,hash,{},VALID,0
pld-ee2e792c-b15b-4776-b87f-14f7c00e33ef,agt-1006,2026-05-21 23:59:00+00,2026-05-21 23:59:00+00,2026-05-21 23:59:00+00,LT-MSCOTT,mscott,AES-256-GCM,key-1,hash,hash,hash,{},VALID,0
pld-9e4bbed2-6cfd-47a4-a0e6-bc020f7587c7,agt-1007,2026-05-21 23:59:00+00,2026-05-21 23:59:00+00,2026-05-21 23:59:00+00,LT-TJONES,tjones,AES-256-GCM,key-1,hash,hash,hash,{},VALID,0
pld-c1a5adbc-b902-45a9-bf31-1a4f24b20dea,agt-1008,2026-05-21 23:59:00+00,2026-05-21 23:59:00+00,2026-05-21 23:59:00+00,LT-RWILSON,rwilson,AES-256-GCM,key-1,hash,hash,hash,{},VALID,0
pld-fd3b15a6-cf70-42ba-b38d-bb551f576b16,agt-1009,2026-05-21 23:59:00+00,2026-05-21 23:59:00+00,2026-05-21 23:59:00+00,LT-ESNOW,esnow,AES-256-GCM,key-1,hash,hash,hash,{},VALID,0
pld-2804dab8-8f26-4199-8fa2-dca1ed1fc1ad,agt-1010,2026-05-21 23:59:00+00,2026-05-21 23:59:00+00,2026-05-21 23:59:00+00,LT-BADMIN,badmin,AES-256-GCM,key-1,hash,hash,hash,{},VALID,0
pld-7dd03ef5-41d7-4a2e-833e-a2953dd86448,agt-1001,2026-05-22 23:59:00+00,2026-05-22 23:59:00+00,2026-05-22 23:59:00+00,LT-JDOE,jdoe,AES-256-GCM,key-1,hash,hash,hash,{},VALID,0
pld-e434496e-ea9e-410f-94d0-a191ecabd7c1,agt-1002,2026-05-22 23:59:00+00,2026-05-22 23:59:00+00,2026-05-22 23:59:00+00,LT-ASMITH,asmith,AES-256-GCM,key-1,hash,hash,hash,{},VALID,0
pld-94c7c94c-78e6-41dc-a179-604de6d3099c,agt-1003,2026-05-22 23:59:00+00,2026-05-22 23:59:00+00,2026-05-22 23:59:00+00,LT-MJONES,mjones,AES-256-GCM,key-1,hash,hash,hash,{},VALID,0
pld-a05a11c2-75dc-4169-a660-ef3fae7eef2c,agt-1004,2026-05-22 23:59:00+00,2026-05-22 23:59:00+00,2026-05-22 23:59:00+00,LT-BWILLIAMS,bwilliams,AES-256-GCM,key-1,hash,hash,hash,{},VALID,0
pld-2d5881b0-f65c-4303-b205-e20aa3ee85b2,agt-1005,2026-05-22 23:59:00+00,2026-05-22 23:59:00+00,2026-05-22 23:59:00+00,LT-CDAVIS,cdavis,AES-256-GCM,key-1,hash,hash,hash,{},VALID,0
pld-0e760826-e473-465c-9009-a1178eebb6fb,agt-1006,2026-05-22 23:59:00+00,2026-05-22 23:59:00+00,2026-05-22 23:59:00+00,LT-MSCOTT,mscott,AES-256-GCM,key-1,hash,hash,hash,{},VALID,0
pld-77d277b8-c1b5-4e01-ad2c-87b0795c4ad8,agt-1007,2026-05-22 23:59:00+00,2026-05-22 23:59:00+00,2026-05-22 23:59:00+00,LT-TJONES,tjones,AES-256-GCM,key-1,hash,hash,hash,{},VALID,0
pld-6e5ff88f-a882-4634-bcf5-f50b034b1e27,agt-1008,2026-05-22 23:59:00+00,2026-05-22 23:59:00+00,2026-05-22 23:59:00+00,LT-RWILSON,rwilson,AES-256-GCM,key-1,hash,hash,hash,{},VALID,0
pld-b267b0b4-a622-4086-ba99-1e635511cd2d,agt-1009,2026-05-22 23:59:00+00,2026-05-22 23:59:00+00,2026-05-22 23:59:00+00,LT-ESNOW,esnow,AES-256-GCM,key-1,hash,hash,hash,{},VALID,0
pld-bb8e0316-4ae5-435a-9645-ad83edb2617c,agt-1010,2026-05-22 23:59:00+00,2026-05-22 23:59:00+00,2026-05-22 23:59:00+00,LT-BADMIN,badmin,AES-256-GCM,key-1,hash,hash,hash,{},VALID,0
pld-3f4dc3d7-3280-46ec-bce4-1e085340afa3,agt-1001,2026-05-23 23:59:00+00,2026-05-23 23:59:00+00,2026-05-23 23:59:00+00,LT-JDOE,jdoe,AES-256-GCM,key-1,hash,hash,hash,{},VALID,0
pld-d0ead6eb-361b-4937-9070-d5c76763c9ac,agt-1002,2026-05-23 23:59:00+00,2026-05-23 23:59:00+00,2026-05-23 23:59:00+00,LT-ASMITH,asmith,AES-256-GCM,key-1,hash,hash,hash,{},VALID,0
pld-e187fcc1-eca9-47c8-b0c9-fe8c93845df6,agt-1003,2026-05-23 23:59:00+00,2026-05-23 23:59:00+00,2026-05-23 23:59:00+00,LT-MJONES,mjones,AES-256-GCM,key-1,hash,hash,hash,{},VALID,0
pld-0b7fc4c4-38e2-45b1-903e-1986947c0de4,agt-1004,2026-05-23 23:59:00+00,2026-05-23 23:59:00+00,2026-05-23 23:59:00+00,LT-BWILLIAMS,bwilliams,AES-256-GCM,key-1,hash,hash,hash,{},VALID,0
pld-c78b88db-ec8a-4ecf-824c-9086b0d71e6e,agt-1005,2026-05-23 23:59:00+00,2026-05-23 23:59:00+00,2026-05-23 23:59:00+00,LT-CDAVIS,cdavis,AES-256-GCM,key-1,hash,hash,hash,{},VALID,0
pld-5d72d8b8-46a2-4188-856a-80f3dffad2bc,agt-1006,2026-05-23 23:59:00+00,2026-05-23 23:59:00+00,2026-05-23 23:59:00+00,LT-MSCOTT,mscott,AES-256-GCM,key-1,hash,hash,hash,{},VALID,0
pld-8596830a-bf5a-401a-b6df-47cfe8b32cd9,agt-1007,2026-05-23 23:59:00+00,2026-05-23 23:59:00+00,2026-05-23 23:59:00+00,LT-TJONES,tjones,AES-256-GCM,key-1,hash,hash,hash,{},VALID,0
pld-2f88d7c8-d0c2-46f0-b066-30794bfce1d5,agt-1008,2026-05-23 23:59:00+00,2026-05-23 23:59:00+00,2026-05-23 23:59:00+00,LT-RWILSON,rwilson,AES-256-GCM,key-1,hash,hash,hash,{},VALID,0
pld-ecfdbcc8-b8b9-46c0-b366-241ab036eeae,agt-1009,2026-05-23 23:59:00+00,2026-05-23 23:59:00+00,2026-05-23 23:59:00+00,LT-ESNOW,esnow,AES-256-GCM,key-1,hash,hash,hash,{},VALID,0
pld-eeaf20db-c1b0-4006-a668-dcf04b200822,agt-1010,2026-05-23 23:59:00+00,2026-05-23 23:59:00+00,2026-05-23 23:59:00+00,LT-BADMIN,badmin,AES-256-GCM,key-1,hash,hash,hash,{},VALID,0
pld-024564aa-5edb-4c13-ac49-e2b05f32a7a1,agt-1001,2026-05-24 23:59:00+00,2026-05-24 23:59:00+00,2026-05-24 23:59:00+00,LT-JDOE,jdoe,AES-256-GCM,key-1,hash,hash,hash,{},VALID,0
pld-7ee206b2-1e25-4e59-9c0f-19d8ad614741,agt-1002,2026-05-24 23:59:00+00,2026-05-24 23:59:00+00,2026-05-24 23:59:00+00,LT-ASMITH,asmith,AES-256-GCM,key-1,hash,hash,hash,{},VALID,0
pld-8502b821-8ff4-4eea-9087-31c62d5f2fab,agt-1003,2026-05-24 23:59:00+00,2026-05-24 23:59:00+00,2026-05-24 23:59:00+00,LT-MJONES,mjones,AES-256-GCM,key-1,hash,hash,hash,{},VALID,0
pld-51340871-5fea-466d-83c3-cefae1c44a1c,agt-1004,2026-05-24 23:59:00+00,2026-05-24 23:59:00+00,2026-05-24 23:59:00+00,LT-BWILLIAMS,bwilliams,AES-256-GCM,key-1,hash,hash,hash,{},VALID,0
pld-d17b1bd3-f7fc-4413-8af3-5b6b4ed1d119,agt-1005,2026-05-24 23:59:00+00,2026-05-24 23:59:00+00,2026-05-24 23:59:00+00,LT-CDAVIS,cdavis,AES-256-GCM,key-1,hash,hash,hash,{},VALID,0
pld-99685746-d3e5-43a5-b39e-a4a544003215,agt-1006,2026-05-24 23:59:00+00,2026-05-24 23:59:00+00,2026-05-24 23:59:00+00,LT-MSCOTT,mscott,AES-256-GCM,key-1,hash,hash,hash,{},VALID,0
pld-1a4c0338-6023-471a-9708-61f477ee99f9,agt-1007,2026-05-24 23:59:00+00,2026-05-24 23:59:00+00,2026-05-24 23:59:00+00,LT-TJONES,tjones,AES-256-GCM,key-1,hash,hash,hash,{},VALID,0
pld-ffe8ce7d-1dc0-4048-9553-9bdb17d604b8,agt-1008,2026-05-24 23:59:00+00,2026-05-24 23:59:00+00,2026-05-24 23:59:00+00,LT-RWILSON,rwilson,AES-256-GCM,key-1,hash,hash,hash,{},VALID,0
pld-5c29637b-b16f-4083-aff6-cb4d84aa3dcd,agt-1009,2026-05-24 23:59:00+00,2026-05-24 23:59:00+00,2026-05-24 23:59:00+00,LT-ESNOW,esnow,AES-256-GCM,key-1,hash,hash,hash,{},VALID,0
pld-c8746ba3-37c2-444a-b39d-09d42e4a4308,agt-1010,2026-05-24 23:59:00+00,2026-05-24 23:59:00+00,2026-05-24 23:59:00+00,LT-BADMIN,badmin,AES-256-GCM,key-1,hash,hash,hash,{},VALID,0
pld-8b9cd9e6-66d2-4758-b7ca-dbb8a2963d01,agt-1001,2026-05-25 23:59:00+00,2026-05-25 23:59:00+00,2026-05-25 23:59:00+00,LT-JDOE,jdoe,AES-256-GCM,key-1,hash,hash,hash,{},VALID,0
pld-abf9eddc-a7d9-4f6b-9b06-cbafb9e7519f,agt-1002,2026-05-25 23:59:00+00,2026-05-25 23:59:00+00,2026-05-25 23:59:00+00,LT-ASMITH,asmith,AES-256-GCM,key-1,hash,hash,hash,{},VALID,0
pld-56af6393-33ff-413a-b43f-434ad270db7b,agt-1003,2026-05-25 23:59:00+00,2026-05-25 23:59:00+00,2026-05-25 23:59:00+00,LT-MJONES,mjones,AES-256-GCM,key-1,hash,hash,hash,{},VALID,0
pld-1fa0a193-b149-4715-a664-aa16b0be1560,agt-1004,2026-05-25 23:59:00+00,2026-05-25 23:59:00+00,2026-05-25 23:59:00+00,LT-BWILLIAMS,bwilliams,AES-256-GCM,key-1,hash,hash,hash,{},VALID,0
pld-3a58d9ce-ad2b-4fed-a504-f63ffc9d0f1b,agt-1005,2026-05-25 23:59:00+00,2026-05-25 23:59:00+00,2026-05-25 23:59:00+00,LT-CDAVIS,cdavis,AES-256-GCM,key-1,hash,hash,hash,{},VALID,0
pld-138b79d8-9d89-4156-9cda-a6ce9e511d16,agt-1006,2026-05-25 23:59:00+00,2026-05-25 23:59:00+00,2026-05-25 23:59:00+00,LT-MSCOTT,mscott,AES-256-GCM,key-1,hash,hash,hash,{},VALID,0
pld-8d147376-e9da-46b5-8db8-ddd0c0580b5f,agt-1007,2026-05-25 23:59:00+00,2026-05-25 23:59:00+00,2026-05-25 23:59:00+00,LT-TJONES,tjones,AES-256-GCM,key-1,hash,hash,hash,{},VALID,0
pld-e6ed89ad-21a4-482f-880d-ed069c8824c5,agt-1008,2026-05-25 23:59:00+00,2026-05-25 23:59:00+00,2026-05-25 23:59:00+00,LT-RWILSON,rwilson,AES-256-GCM,key-1,hash,hash,hash,{},VALID,0
pld-1a3ca2ec-a2db-44db-8a53-c56248f9b4e1,agt-1009,2026-05-25 23:59:00+00,2026-05-25 23:59:00+00,2026-05-25 23:59:00+00,LT-ESNOW,esnow,AES-256-GCM,key-1,hash,hash,hash,{},VALID,0
pld-93da03f3-72ef-49e2-8775-04b79ab85991,agt-1010,2026-05-25 23:59:00+00,2026-05-25 23:59:00+00,2026-05-25 23:59:00+00,LT-BADMIN,badmin,AES-256-GCM,key-1,hash,hash,hash,{},VALID,0
pld-aa07c888-f483-49b0-a801-dc596c098a82,agt-1001,2026-05-26 23:59:00+00,2026-05-26 23:59:00+00,2026-05-26 23:59:00+00,LT-JDOE,jdoe,AES-256-GCM,key-1,hash,hash,hash,{},VALID,0
pld-ce10ac03-37ae-420d-9730-983e678f498f,agt-1002,2026-05-26 23:59:00+00,2026-05-26 23:59:00+00,2026-05-26 23:59:00+00,LT-ASMITH,asmith,AES-256-GCM,key-1,hash,hash,hash,{},VALID,0
pld-47463e09-a009-46e6-a269-17c1c6bd85e3,agt-1003,2026-05-26 23:59:00+00,2026-05-26 23:59:00+00,2026-05-26 23:59:00+00,LT-MJONES,mjones,AES-256-GCM,key-1,hash,hash,hash,{},VALID,0
pld-d5f9a931-fed1-463f-8d68-27f26619c3a0,agt-1004,2026-05-26 23:59:00+00,2026-05-26 23:59:00+00,2026-05-26 23:59:00+00,LT-BWILLIAMS,bwilliams,AES-256-GCM,key-1,hash,hash,hash,{},VALID,0
pld-88c1e9fe-9f5c-458c-9207-08bc4761ab35,agt-1005,2026-05-26 23:59:00+00,2026-05-26 23:59:00+00,2026-05-26 23:59:00+00,LT-CDAVIS,cdavis,AES-256-GCM,key-1,hash,hash,hash,{},VALID,0
pld-446f3b06-1826-4baa-925e-5d8702c0dbcb,agt-1006,2026-05-26 23:59:00+00,2026-05-26 23:59:00+00,2026-05-26 23:59:00+00,LT-MSCOTT,mscott,AES-256-GCM,key-1,hash,hash,hash,{},VALID,0
pld-2306b472-101f-475e-ba47-5396bacbc3b5,agt-1007,2026-05-26 23:59:00+00,2026-05-26 23:59:00+00,2026-05-26 23:59:00+00,LT-TJONES,tjones,AES-256-GCM,key-1,hash,hash,hash,{},VALID,0
pld-fbd5b640-21e5-48f3-945b-91922c414f96,agt-1008,2026-05-26 23:59:00+00,2026-05-26 23:59:00+00,2026-05-26 23:59:00+00,LT-RWILSON,rwilson,AES-256-GCM,key-1,hash,hash,hash,{},VALID,0
pld-811336fe-44e9-4e15-a052-5b75ce1a1586,agt-1009,2026-05-26 23:59:00+00,2026-05-26 23:59:00+00,2026-05-26 23:59:00+00,LT-ESNOW,esnow,AES-256-GCM,key-1,hash,hash,hash,{},VALID,0
pld-7045d858-9a43-4a2c-9367-704802e7d99a,agt-1010,2026-05-26 23:59:00+00,2026-05-26 23:59:00+00,2026-05-26 23:59:00+00,LT-BADMIN,badmin,AES-256-GCM,key-1,hash,hash,hash,{},VALID,0
pld-f6e4323b-ccfe-4422-9cd5-43da1a5dc1dc,agt-1001,2026-05-27 23:59:00+00,2026-05-27 23:59:00+00,2026-05-27 23:59:00+00,LT-JDOE,jdoe,AES-256-GCM,key-1,hash,hash,hash,{},VALID,0
pld-34c80112-1c8c-4108-9a28-525de2a0834c,agt-1002,2026-05-27 23:59:00+00,2026-05-27 23:59:00+00,2026-05-27 23:59:00+00,LT-ASMITH,asmith,AES-256-GCM,key-1,hash,hash,hash,{},VALID,0
pld-5cf6b732-fdf0-4e5b-a819-e029408df444,agt-1003,2026-05-27 23:59:00+00,2026-05-27 23:59:00+00,2026-05-27 23:59:00+00,LT-MJONES,mjones,AES-256-GCM,key-1,hash,hash,hash,{},VALID,0
pld-f2b74a2a-252d-42f4-8a89-262d4ee09b8a,agt-1004,2026-05-27 23:59:00+00,2026-05-27 23:59:00+00,2026-05-27 23:59:00+00,LT-BWILLIAMS,bwilliams,AES-256-GCM,key-1,hash,hash,hash,{},VALID,0
pld-2269b41e-cbcf-4e22-bf85-c793f3e7053f,agt-1005,2026-05-27 23:59:00+00,2026-05-27 23:59:00+00,2026-05-27 23:59:00+00,LT-CDAVIS,cdavis,AES-256-GCM,key-1,hash,hash,hash,{},VALID,0
pld-4d95be85-7ded-428d-b850-373bdd792823,agt-1006,2026-05-27 23:59:00+00,2026-05-27 23:59:00+00,2026-05-27 23:59:00+00,LT-MSCOTT,mscott,AES-256-GCM,key-1,hash,hash,hash,{},VALID,0
pld-4a45685b-a2d7-405f-aaac-643fa9b91129,agt-1007,2026-05-27 23:59:00+00,2026-05-27 23:59:00+00,2026-05-27 23:59:00+00,LT-TJONES,tjones,AES-256-GCM,key-1,hash,hash,hash,{},VALID,0
pld-1e4128c2-27ea-43a1-9641-efc00b7afb73,agt-1008,2026-05-27 23:59:00+00,2026-05-27 23:59:00+00,2026-05-27 23:59:00+00,LT-RWILSON,rwilson,AES-256-GCM,key-1,hash,hash,hash,{},VALID,0
pld-ba12d90b-48be-4b58-8dcd-bd5d6135ba7e,agt-1009,2026-05-27 23:59:00+00,2026-05-27 23:59:00+00,2026-05-27 23:59:00+00,LT-ESNOW,esnow,AES-256-GCM,key-1,hash,hash,hash,{},VALID,0
pld-8d10f811-de65-4550-bef4-899a75302c1d,agt-1010,2026-05-27 23:59:00+00,2026-05-27 23:59:00+00,2026-05-27 23:59:00+00,LT-BADMIN,badmin,AES-256-GCM,key-1,hash,hash,hash,{},VALID,0
pld-d50f314e-7ec4-46c0-b870-14f70964575c,agt-1001,2026-05-28 23:59:00+00,2026-05-28 23:59:00+00,2026-05-28 23:59:00+00,LT-JDOE,jdoe,AES-256-GCM,key-1,hash,hash,hash,{},VALID,0
pld-089ba884-fd3b-4a04-a1b4-dc79361d9a14,agt-1002,2026-05-28 23:59:00+00,2026-05-28 23:59:00+00,2026-05-28 23:59:00+00,LT-ASMITH,asmith,AES-256-GCM,key-1,hash,hash,hash,{},VALID,0
pld-9c8ea7b2-ad5c-4b1c-8b55-d73294efa2e6,agt-1003,2026-05-28 23:59:00+00,2026-05-28 23:59:00+00,2026-05-28 23:59:00+00,LT-MJONES,mjones,AES-256-GCM,key-1,hash,hash,hash,{},VALID,0
pld-d05d6ea6-7126-4345-a457-7c2c6b29bb5b,agt-1004,2026-05-28 23:59:00+00,2026-05-28 23:59:00+00,2026-05-28 23:59:00+00,LT-BWILLIAMS,bwilliams,AES-256-GCM,key-1,hash,hash,hash,{},VALID,0
pld-d15263a6-f1f0-4ec8-bbfc-21a25b608b33,agt-1005,2026-05-28 23:59:00+00,2026-05-28 23:59:00+00,2026-05-28 23:59:00+00,LT-CDAVIS,cdavis,AES-256-GCM,key-1,hash,hash,hash,{},VALID,0
pld-89544a76-bcc9-4b46-84e5-7a176d53be28,agt-1006,2026-05-28 23:59:00+00,2026-05-28 23:59:00+00,2026-05-28 23:59:00+00,LT-MSCOTT,mscott,AES-256-GCM,key-1,hash,hash,hash,{},VALID,0
pld-f4a1bf9d-2530-4753-b3f0-ff35e2c0fda4,agt-1007,2026-05-28 23:59:00+00,2026-05-28 23:59:00+00,2026-05-28 23:59:00+00,LT-TJONES,tjones,AES-256-GCM,key-1,hash,hash,hash,{},VALID,0
pld-f00fb8e3-2252-4010-b126-bc52b8565ea9,agt-1008,2026-05-28 23:59:00+00,2026-05-28 23:59:00+00,2026-05-28 23:59:00+00,LT-RWILSON,rwilson,AES-256-GCM,key-1,hash,hash,hash,{},VALID,0
pld-a8a6c70f-c87a-4457-8e21-f4e3a34a9ec9,agt-1009,2026-05-28 23:59:00+00,2026-05-28 23:59:00+00,2026-05-28 23:59:00+00,LT-ESNOW,esnow,AES-256-GCM,key-1,hash,hash,hash,{},VALID,0
pld-7e35bfc2-543d-4296-9f69-fda9dad0c1e6,agt-1010,2026-05-28 23:59:00+00,2026-05-28 23:59:00+00,2026-05-28 23:59:00+00,LT-BADMIN,badmin,AES-256-GCM,key-1,hash,hash,hash,{},VALID,0
pld-2242b365-a9f2-41a3-90bc-1e759feea387,agt-1001,2026-05-29 23:59:00+00,2026-05-29 23:59:00+00,2026-05-29 23:59:00+00,LT-JDOE,jdoe,AES-256-GCM,key-1,hash,hash,hash,{},VALID,0
pld-0fe1e60b-b4b9-48a8-b054-aae7bb56eef4,agt-1002,2026-05-29 23:59:00+00,2026-05-29 23:59:00+00,2026-05-29 23:59:00+00,LT-ASMITH,asmith,AES-256-GCM,key-1,hash,hash,hash,{},VALID,0
pld-e2227d91-c32c-48dc-9788-a4da95a57161,agt-1003,2026-05-29 23:59:00+00,2026-05-29 23:59:00+00,2026-05-29 23:59:00+00,LT-MJONES,mjones,AES-256-GCM,key-1,hash,hash,hash,{},VALID,0
pld-9b69fbda-f460-4f9d-8618-8130c4e1adb8,agt-1004,2026-05-29 23:59:00+00,2026-05-29 23:59:00+00,2026-05-29 23:59:00+00,LT-BWILLIAMS,bwilliams,AES-256-GCM,key-1,hash,hash,hash,{},VALID,0
pld-23bdd038-c6dd-449b-9939-866e2f0cddb2,agt-1005,2026-05-29 23:59:00+00,2026-05-29 23:59:00+00,2026-05-29 23:59:00+00,LT-CDAVIS,cdavis,AES-256-GCM,key-1,hash,hash,hash,{},VALID,0
pld-1048d9bb-49d5-4696-a82e-97065ef84a01,agt-1006,2026-05-29 23:59:00+00,2026-05-29 23:59:00+00,2026-05-29 23:59:00+00,LT-MSCOTT,mscott,AES-256-GCM,key-1,hash,hash,hash,{},VALID,0
pld-329279b7-25d3-40e9-b2e6-e081e72c9642,agt-1007,2026-05-29 23:59:00+00,2026-05-29 23:59:00+00,2026-05-29 23:59:00+00,LT-TJONES,tjones,AES-256-GCM,key-1,hash,hash,hash,{},VALID,0
pld-2ad2f4c7-7b6b-4530-ad79-77a8d2ad49a7,agt-1008,2026-05-29 23:59:00+00,2026-05-29 23:59:00+00,2026-05-29 23:59:00+00,LT-RWILSON,rwilson,AES-256-GCM,key-1,hash,hash,hash,{},VALID,0
pld-5f06f038-f198-4319-aa65-6a3f132fbbc9,agt-1009,2026-05-29 23:59:00+00,2026-05-29 23:59:00+00,2026-05-29 23:59:00+00,LT-ESNOW,esnow,AES-256-GCM,key-1,hash,hash,hash,{},VALID,0
pld-78731aab-3123-4a83-8ec8-5c15e397a57c,agt-1010,2026-05-29 23:59:00+00,2026-05-29 23:59:00+00,2026-05-29 23:59:00+00,LT-BADMIN,badmin,AES-256-GCM,key-1,hash,hash,hash,{},VALID,0
pld-7861f66f-b960-40f8-bb80-3b6fdace76a6,agt-1001,2026-05-30 23:59:00+00,2026-05-30 23:59:00+00,2026-05-30 23:59:00+00,LT-JDOE,jdoe,AES-256-GCM,key-1,hash,hash,hash,{},VALID,0
pld-d1f1063e-dedc-4af0-a9d6-da6930119193,agt-1002,2026-05-30 23:59:00+00,2026-05-30 23:59:00+00,2026-05-30 23:59:00+00,LT-ASMITH,asmith,AES-256-GCM,key-1,hash,hash,hash,{},VALID,0
pld-a44bdb9b-bd7a-40e5-bb19-3394a187a36d,agt-1003,2026-05-30 23:59:00+00,2026-05-30 23:59:00+00,2026-05-30 23:59:00+00,LT-MJONES,mjones,AES-256-GCM,key-1,hash,hash,hash,{},VALID,0
pld-8ecfac19-c65b-4717-bb9c-f586cc91176f,agt-1004,2026-05-30 23:59:00+00,2026-05-30 23:59:00+00,2026-05-30 23:59:00+00,LT-BWILLIAMS,bwilliams,AES-256-GCM,key-1,hash,hash,hash,{},VALID,0
pld-642b2993-e355-4f3d-859a-3c85d8cc72b1,agt-1005,2026-05-30 23:59:00+00,2026-05-30 23:59:00+00,2026-05-30 23:59:00+00,LT-CDAVIS,cdavis,AES-256-GCM,key-1,hash,hash,hash,{},VALID,0
pld-8918924d-d74d-4b86-b33a-9e5ca805e526,agt-1006,2026-05-30 23:59:00+00,2026-05-30 23:59:00+00,2026-05-30 23:59:00+00,LT-MSCOTT,mscott,AES-256-GCM,key-1,hash,hash,hash,{},VALID,0
pld-a5b10385-beee-49d4-b13a-1d20afb7b7d2,agt-1007,2026-05-30 23:59:00+00,2026-05-30 23:59:00+00,2026-05-30 23:59:00+00,LT-TJONES,tjones,AES-256-GCM,key-1,hash,hash,hash,{},VALID,0
pld-8985f5b6-cdad-4dbc-907a-15dfe55ecd49,agt-1008,2026-05-30 23:59:00+00,2026-05-30 23:59:00+00,2026-05-30 23:59:00+00,LT-RWILSON,rwilson,AES-256-GCM,key-1,hash,hash,hash,{},VALID,0
pld-b83e9979-82a9-4b03-92e5-fda738229c79,agt-1009,2026-05-30 23:59:00+00,2026-05-30 23:59:00+00,2026-05-30 23:59:00+00,LT-ESNOW,esnow,AES-256-GCM,key-1,hash,hash,hash,{},VALID,0
pld-874e161e-05b3-470d-8baf-9b863ba6236f,agt-1010,2026-05-30 23:59:00+00,2026-05-30 23:59:00+00,2026-05-30 23:59:00+00,LT-BADMIN,badmin,AES-256-GCM,key-1,hash,hash,hash,{},VALID,0
pld-10f9f0bd-fffc-46c1-9cce-38e18b7bb71d,agt-1001,2026-05-31 23:59:00+00,2026-05-31 23:59:00+00,2026-05-31 23:59:00+00,LT-JDOE,jdoe,AES-256-GCM,key-1,hash,hash,hash,{},VALID,0
pld-3e40088f-f082-4e45-8950-35bcc689e4ec,agt-1002,2026-05-31 23:59:00+00,2026-05-31 23:59:00+00,2026-05-31 23:59:00+00,LT-ASMITH,asmith,AES-256-GCM,key-1,hash,hash,hash,{},VALID,0
pld-27c46925-9295-4f6a-b267-98069df11059,agt-1003,2026-05-31 23:59:00+00,2026-05-31 23:59:00+00,2026-05-31 23:59:00+00,LT-MJONES,mjones,AES-256-GCM,key-1,hash,hash,hash,{},VALID,0
pld-b9148bfa-4370-41d6-8875-9e05353fd4ad,agt-1004,2026-05-31 23:59:00+00,2026-05-31 23:59:00+00,2026-05-31 23:59:00+00,LT-BWILLIAMS,bwilliams,AES-256-GCM,key-1,hash,hash,hash,{},VALID,0
pld-c08acdb7-c8d3-4228-9ee6-d152aacfba3f,agt-1005,2026-05-31 23:59:00+00,2026-05-31 23:59:00+00,2026-05-31 23:59:00+00,LT-CDAVIS,cdavis,AES-256-GCM,key-1,hash,hash,hash,{},VALID,0
pld-4360f6dd-f587-4410-bfc4-59a3fc1a2de0,agt-1006,2026-05-31 23:59:00+00,2026-05-31 23:59:00+00,2026-05-31 23:59:00+00,LT-MSCOTT,mscott,AES-256-GCM,key-1,hash,hash,hash,{},VALID,0
pld-cd9b2b5e-ec76-41c3-b144-3d835011be88,agt-1007,2026-05-31 23:59:00+00,2026-05-31 23:59:00+00,2026-05-31 23:59:00+00,LT-TJONES,tjones,AES-256-GCM,key-1,hash,hash,hash,{},VALID,0
pld-59df4dcc-06a3-4821-858e-d742084fcee4,agt-1008,2026-05-31 23:59:00+00,2026-05-31 23:59:00+00,2026-05-31 23:59:00+00,LT-RWILSON,rwilson,AES-256-GCM,key-1,hash,hash,hash,{},VALID,0
pld-0d52fa48-2720-4be4-b635-51c29a055551,agt-1009,2026-05-31 23:59:00+00,2026-05-31 23:59:00+00,2026-05-31 23:59:00+00,LT-ESNOW,esnow,AES-256-GCM,key-1,hash,hash,hash,{},VALID,0
pld-938fb0b2-fbb8-4ff1-af7e-3d16efd3e22f,agt-1010,2026-05-31 23:59:00+00,2026-05-31 23:59:00+00,2026-05-31 23:59:00+00,LT-BADMIN,badmin,AES-256-GCM,key-1,hash,hash,hash,{},VALID,0
pld-d351000a-bffd-457a-bf40-6c4787a8546d,agt-1001,2026-06-01 23:59:00+00,2026-06-01 23:59:00+00,2026-06-01 23:59:00+00,LT-JDOE,jdoe,AES-256-GCM,key-1,hash,hash,hash,{},VALID,0
pld-813e0cd2-4479-47fa-885b-1a88df0b1589,agt-1002,2026-06-01 23:59:00+00,2026-06-01 23:59:00+00,2026-06-01 23:59:00+00,LT-ASMITH,asmith,AES-256-GCM,key-1,hash,hash,hash,{},VALID,0
pld-d32fcff1-eb1c-4857-bd57-c60352b4ee42,agt-1003,2026-06-01 23:59:00+00,2026-06-01 23:59:00+00,2026-06-01 23:59:00+00,LT-MJONES,mjones,AES-256-GCM,key-1,hash,hash,hash,{},VALID,0
pld-b938245f-80cf-4828-9d5d-544aa21287cb,agt-1004,2026-06-01 23:59:00+00,2026-06-01 23:59:00+00,2026-06-01 23:59:00+00,LT-BWILLIAMS,bwilliams,AES-256-GCM,key-1,hash,hash,hash,{},VALID,0
pld-87dc477f-8d45-4296-99e1-7bd5ceef51f8,agt-1005,2026-06-01 23:59:00+00,2026-06-01 23:59:00+00,2026-06-01 23:59:00+00,LT-CDAVIS,cdavis,AES-256-GCM,key-1,hash,hash,hash,{},VALID,0
pld-c0b56bd6-ecab-4943-9524-bb8afc100734,agt-1006,2026-06-01 23:59:00+00,2026-06-01 23:59:00+00,2026-06-01 23:59:00+00,LT-MSCOTT,mscott,AES-256-GCM,key-1,hash,hash,hash,{},VALID,0
pld-f6b6b30d-196a-4825-9779-9791ea9f45d0,agt-1007,2026-06-01 23:59:00+00,2026-06-01 23:59:00+00,2026-06-01 23:59:00+00,LT-TJONES,tjones,AES-256-GCM,key-1,hash,hash,hash,{},VALID,0
pld-3c3139fd-7e30-4566-921e-ea8315bd323b,agt-1008,2026-06-01 23:59:00+00,2026-06-01 23:59:00+00,2026-06-01 23:59:00+00,LT-RWILSON,rwilson,AES-256-GCM,key-1,hash,hash,hash,{},VALID,0
pld-6ed7642b-e5c8-47c6-95fd-d91479bd8681,agt-1009,2026-06-01 23:59:00+00,2026-06-01 23:59:00+00,2026-06-01 23:59:00+00,LT-ESNOW,esnow,AES-256-GCM,key-1,hash,hash,hash,{},VALID,0
pld-3a8e500f-ccf1-439d-9ca7-d5ff06c199e9,agt-1010,2026-06-01 23:59:00+00,2026-06-01 23:59:00+00,2026-06-01 23:59:00+00,LT-BADMIN,badmin,AES-256-GCM,key-1,hash,hash,hash,{},VALID,0
pld-974d191e-c0d4-410b-b7da-cf026b8743f7,agt-1001,2026-06-02 23:59:00+00,2026-06-02 23:59:00+00,2026-06-02 23:59:00+00,LT-JDOE,jdoe,AES-256-GCM,key-1,hash,hash,hash,{},VALID,0
pld-f3959bdb-8d86-4aa9-b3ae-0ecea731d2c9,agt-1002,2026-06-02 23:59:00+00,2026-06-02 23:59:00+00,2026-06-02 23:59:00+00,LT-ASMITH,asmith,AES-256-GCM,key-1,hash,hash,hash,{},VALID,0
pld-af1cf250-6c65-407a-b599-d3cd3b26a338,agt-1003,2026-06-02 23:59:00+00,2026-06-02 23:59:00+00,2026-06-02 23:59:00+00,LT-MJONES,mjones,AES-256-GCM,key-1,hash,hash,hash,{},VALID,0
pld-38e2d303-cc32-4aae-b892-b928b0712759,agt-1004,2026-06-02 23:59:00+00,2026-06-02 23:59:00+00,2026-06-02 23:59:00+00,LT-BWILLIAMS,bwilliams,AES-256-GCM,key-1,hash,hash,hash,{},VALID,0
pld-48cb2c7a-bd69-4210-bde0-dff7ac285f48,agt-1005,2026-06-02 23:59:00+00,2026-06-02 23:59:00+00,2026-06-02 23:59:00+00,LT-CDAVIS,cdavis,AES-256-GCM,key-1,hash,hash,hash,{},VALID,0
pld-60bf7f15-cb8f-411d-8597-32e3b8e2b280,agt-1006,2026-06-02 23:59:00+00,2026-06-02 23:59:00+00,2026-06-02 23:59:00+00,LT-MSCOTT,mscott,AES-256-GCM,key-1,hash,hash,hash,{},VALID,0
pld-456bc91b-5cf1-4de3-9e20-4956d3c1984a,agt-1007,2026-06-02 23:59:00+00,2026-06-02 23:59:00+00,2026-06-02 23:59:00+00,LT-TJONES,tjones,AES-256-GCM,key-1,hash,hash,hash,{},VALID,0
pld-868aefd3-2b5a-4521-b49d-92a04eb002c5,agt-1008,2026-06-02 23:59:00+00,2026-06-02 23:59:00+00,2026-06-02 23:59:00+00,LT-RWILSON,rwilson,AES-256-GCM,key-1,hash,hash,hash,{},VALID,0
pld-be20767d-32ce-448e-944d-7cce17b74fbc,agt-1009,2026-06-02 23:59:00+00,2026-06-02 23:59:00+00,2026-06-02 23:59:00+00,LT-ESNOW,esnow,AES-256-GCM,key-1,hash,hash,hash,{},VALID,0
pld-a13db4b8-8e2a-4c92-a282-a594ba37230b,agt-1010,2026-06-02 23:59:00+00,2026-06-02 23:59:00+00,2026-06-02 23:59:00+00,LT-BADMIN,badmin,AES-256-GCM,key-1,hash,hash,hash,{},VALID,0
pld-107f1140-5517-46ca-aff3-b5cb0a0b01ca,agt-1001,2026-06-03 23:59:00+00,2026-06-03 23:59:00+00,2026-06-03 23:59:00+00,LT-JDOE,jdoe,AES-256-GCM,key-1,hash,hash,hash,{},VALID,0
pld-ab3fcd90-ab55-4ba6-8390-b0bf9e2cd4c7,agt-1002,2026-06-03 23:59:00+00,2026-06-03 23:59:00+00,2026-06-03 23:59:00+00,LT-ASMITH,asmith,AES-256-GCM,key-1,hash,hash,hash,{},VALID,0
pld-6bf18a5f-9837-4e79-b99f-9a2522f52501,agt-1003,2026-06-03 23:59:00+00,2026-06-03 23:59:00+00,2026-06-03 23:59:00+00,LT-MJONES,mjones,AES-256-GCM,key-1,hash,hash,hash,{},VALID,0
pld-d6976550-c301-4d4c-860e-1db558bdfa0a,agt-1004,2026-06-03 23:59:00+00,2026-06-03 23:59:00+00,2026-06-03 23:59:00+00,LT-BWILLIAMS,bwilliams,AES-256-GCM,key-1,hash,hash,hash,{},VALID,0
pld-7ee9660f-2fb3-4316-bff4-33a7b6a8a7d2,agt-1005,2026-06-03 23:59:00+00,2026-06-03 23:59:00+00,2026-06-03 23:59:00+00,LT-CDAVIS,cdavis,AES-256-GCM,key-1,hash,hash,hash,{},VALID,0
pld-775ed265-5954-4046-b823-587395074342,agt-1006,2026-06-03 23:59:00+00,2026-06-03 23:59:00+00,2026-06-03 23:59:00+00,LT-MSCOTT,mscott,AES-256-GCM,key-1,hash,hash,hash,{},VALID,0
pld-2ed22345-24a9-4083-bd29-b5aef68bd1b6,agt-1007,2026-06-03 23:59:00+00,2026-06-03 23:59:00+00,2026-06-03 23:59:00+00,LT-TJONES,tjones,AES-256-GCM,key-1,hash,hash,hash,{},VALID,0
pld-90fe569c-480a-42c7-95b4-dc9faa55836a,agt-1008,2026-06-03 23:59:00+00,2026-06-03 23:59:00+00,2026-06-03 23:59:00+00,LT-RWILSON,rwilson,AES-256-GCM,key-1,hash,hash,hash,{},VALID,0
pld-dab8e0fc-98d6-43ff-bea0-9e2ed2f96f9a,agt-1009,2026-06-03 23:59:00+00,2026-06-03 23:59:00+00,2026-06-03 23:59:00+00,LT-ESNOW,esnow,AES-256-GCM,key-1,hash,hash,hash,{},VALID,0
pld-e81f5be7-3954-45ed-b532-280a26793b7f,agt-1010,2026-06-03 23:59:00+00,2026-06-03 23:59:00+00,2026-06-03 23:59:00+00,LT-BADMIN,badmin,AES-256-GCM,key-1,hash,hash,hash,{},VALID,0
pld-9ba74016-9c04-4737-b570-37933501114e,agt-1001,2026-06-04 23:59:00+00,2026-06-04 23:59:00+00,2026-06-04 23:59:00+00,LT-JDOE,jdoe,AES-256-GCM,key-1,hash,hash,hash,{},VALID,0
pld-4c7e2dd7-0980-4a18-99c2-b6a1ec56b9ab,agt-1002,2026-06-04 23:59:00+00,2026-06-04 23:59:00+00,2026-06-04 23:59:00+00,LT-ASMITH,asmith,AES-256-GCM,key-1,hash,hash,hash,{},VALID,0
pld-77fedb13-068a-4972-9d60-29fa75d369d6,agt-1003,2026-06-04 23:59:00+00,2026-06-04 23:59:00+00,2026-06-04 23:59:00+00,LT-MJONES,mjones,AES-256-GCM,key-1,hash,hash,hash,{},VALID,0
pld-945f3e78-4909-4509-9040-8f68f50efd35,agt-1004,2026-06-04 23:59:00+00,2026-06-04 23:59:00+00,2026-06-04 23:59:00+00,LT-BWILLIAMS,bwilliams,AES-256-GCM,key-1,hash,hash,hash,{},VALID,0
pld-d6c6e0f3-ec51-4b0d-8a52-6a8e23634f71,agt-1005,2026-06-04 23:59:00+00,2026-06-04 23:59:00+00,2026-06-04 23:59:00+00,LT-CDAVIS,cdavis,AES-256-GCM,key-1,hash,hash,hash,{},VALID,0
pld-4f871358-0817-4dbd-9e70-1b37783887e7,agt-1006,2026-06-04 23:59:00+00,2026-06-04 23:59:00+00,2026-06-04 23:59:00+00,LT-MSCOTT,mscott,AES-256-GCM,key-1,hash,hash,hash,{},VALID,0
pld-fb6154e7-fe25-4ce8-a012-cc7b4dda496b,agt-1007,2026-06-04 23:59:00+00,2026-06-04 23:59:00+00,2026-06-04 23:59:00+00,LT-TJONES,tjones,AES-256-GCM,key-1,hash,hash,hash,{},VALID,0
pld-cc3adebc-2780-4fc4-acbd-a178afe87300,agt-1008,2026-06-04 23:59:00+00,2026-06-04 23:59:00+00,2026-06-04 23:59:00+00,LT-RWILSON,rwilson,AES-256-GCM,key-1,hash,hash,hash,{},VALID,0
pld-9c1ad996-c658-4b30-abdb-4e72c1c9f990,agt-1009,2026-06-04 23:59:00+00,2026-06-04 23:59:00+00,2026-06-04 23:59:00+00,LT-ESNOW,esnow,AES-256-GCM,key-1,hash,hash,hash,{},VALID,0
pld-54cb3d7d-6fc2-44d0-a116-6758869c521f,agt-1010,2026-06-04 23:59:00+00,2026-06-04 23:59:00+00,2026-06-04 23:59:00+00,LT-BADMIN,badmin,AES-256-GCM,key-1,hash,hash,hash,{},VALID,0
pld-28e7bf77-1759-49aa-86c0-27e4c144a5a5,agt-1001,2026-06-05 23:59:00+00,2026-06-05 23:59:00+00,2026-06-05 23:59:00+00,LT-JDOE,jdoe,AES-256-GCM,key-1,hash,hash,hash,{},VALID,0
pld-6c1e2ce2-d4bb-4cb5-b542-96900400881f,agt-1002,2026-06-05 23:59:00+00,2026-06-05 23:59:00+00,2026-06-05 23:59:00+00,LT-ASMITH,asmith,AES-256-GCM,key-1,hash,hash,hash,{},VALID,0
pld-9e7bca1c-1f6e-4b61-a096-aa55811dfed7,agt-1003,2026-06-05 23:59:00+00,2026-06-05 23:59:00+00,2026-06-05 23:59:00+00,LT-MJONES,mjones,AES-256-GCM,key-1,hash,hash,hash,{},VALID,0
pld-2cbd0e17-e656-4345-bd99-9d8333dfef64,agt-1004,2026-06-05 23:59:00+00,2026-06-05 23:59:00+00,2026-06-05 23:59:00+00,LT-BWILLIAMS,bwilliams,AES-256-GCM,key-1,hash,hash,hash,{},VALID,0
pld-3fd4d225-c298-42a8-8bf9-064de0718c16,agt-1005,2026-06-05 23:59:00+00,2026-06-05 23:59:00+00,2026-06-05 23:59:00+00,LT-CDAVIS,cdavis,AES-256-GCM,key-1,hash,hash,hash,{},VALID,0
pld-38bb8128-46c9-48fa-8d9d-d8f8f0003b4c,agt-1006,2026-06-05 23:59:00+00,2026-06-05 23:59:00+00,2026-06-05 23:59:00+00,LT-MSCOTT,mscott,AES-256-GCM,key-1,hash,hash,hash,{},VALID,0
pld-6aebcde3-daee-4bc7-89e6-338e19b0442c,agt-1007,2026-06-05 23:59:00+00,2026-06-05 23:59:00+00,2026-06-05 23:59:00+00,LT-TJONES,tjones,AES-256-GCM,key-1,hash,hash,hash,{},VALID,0
pld-e1b0e9c5-9bcd-45c1-a784-39f6f9115d6f,agt-1008,2026-06-05 23:59:00+00,2026-06-05 23:59:00+00,2026-06-05 23:59:00+00,LT-RWILSON,rwilson,AES-256-GCM,key-1,hash,hash,hash,{},VALID,0
pld-5c28b3be-1407-443c-bf6c-daf54dd979cc,agt-1009,2026-06-05 23:59:00+00,2026-06-05 23:59:00+00,2026-06-05 23:59:00+00,LT-ESNOW,esnow,AES-256-GCM,key-1,hash,hash,hash,{},VALID,0
pld-129dc150-786c-4fdf-8e40-aeb9a96dc83d,agt-1010,2026-06-05 23:59:00+00,2026-06-05 23:59:00+00,2026-06-05 23:59:00+00,LT-BADMIN,badmin,AES-256-GCM,key-1,hash,hash,hash,{},VALID,0
pld-b57eb87e-08f4-4ac8-ade0-082d51be66f4,agt-1001,2026-06-06 23:59:00+00,2026-06-06 23:59:00+00,2026-06-06 23:59:00+00,LT-JDOE,jdoe,AES-256-GCM,key-1,hash,hash,hash,{},VALID,0
pld-c2be7e0f-6690-420a-9154-02351aa06a10,agt-1002,2026-06-06 23:59:00+00,2026-06-06 23:59:00+00,2026-06-06 23:59:00+00,LT-ASMITH,asmith,AES-256-GCM,key-1,hash,hash,hash,{},VALID,0
pld-d32ef59c-e371-454f-965b-d550f6843290,agt-1003,2026-06-06 23:59:00+00,2026-06-06 23:59:00+00,2026-06-06 23:59:00+00,LT-MJONES,mjones,AES-256-GCM,key-1,hash,hash,hash,{},VALID,0
pld-34dad284-f2cf-4375-a2b7-87fd1a352450,agt-1004,2026-06-06 23:59:00+00,2026-06-06 23:59:00+00,2026-06-06 23:59:00+00,LT-BWILLIAMS,bwilliams,AES-256-GCM,key-1,hash,hash,hash,{},VALID,0
pld-c730d177-c48a-4426-a84a-4acf62031a18,agt-1005,2026-06-06 23:59:00+00,2026-06-06 23:59:00+00,2026-06-06 23:59:00+00,LT-CDAVIS,cdavis,AES-256-GCM,key-1,hash,hash,hash,{},VALID,0
pld-3ab14f7e-866e-4108-af96-087e04bfd789,agt-1006,2026-06-06 23:59:00+00,2026-06-06 23:59:00+00,2026-06-06 23:59:00+00,LT-MSCOTT,mscott,AES-256-GCM,key-1,hash,hash,hash,{},VALID,0
pld-e332ddcd-40bc-4354-ab25-93a1006047b7,agt-1007,2026-06-06 23:59:00+00,2026-06-06 23:59:00+00,2026-06-06 23:59:00+00,LT-TJONES,tjones,AES-256-GCM,key-1,hash,hash,hash,{},VALID,0
pld-1338a658-2b62-44a8-ac92-be4ff0b50f3a,agt-1008,2026-06-06 23:59:00+00,2026-06-06 23:59:00+00,2026-06-06 23:59:00+00,LT-RWILSON,rwilson,AES-256-GCM,key-1,hash,hash,hash,{},VALID,0
pld-a0804ffb-05e4-4b9e-a2d4-e7aea9aa1461,agt-1009,2026-06-06 23:59:00+00,2026-06-06 23:59:00+00,2026-06-06 23:59:00+00,LT-ESNOW,esnow,AES-256-GCM,key-1,hash,hash,hash,{},VALID,0
pld-f3c48855-0bc8-4e66-a1ad-959dd75aa275,agt-1010,2026-06-06 23:59:00+00,2026-06-06 23:59:00+00,2026-06-06 23:59:00+00,LT-BADMIN,badmin,AES-256-GCM,key-1,hash,hash,hash,{},VALID,0
pld-3af29d25-ef3b-48bb-8942-f6222b7d923f,agt-1001,2026-06-07 23:59:00+00,2026-06-07 23:59:00+00,2026-06-07 23:59:00+00,LT-JDOE,jdoe,AES-256-GCM,key-1,hash,hash,hash,{},VALID,0
pld-353729c5-92bb-483d-84b7-179b098d0fe6,agt-1002,2026-06-07 23:59:00+00,2026-06-07 23:59:00+00,2026-06-07 23:59:00+00,LT-ASMITH,asmith,AES-256-GCM,key-1,hash,hash,hash,{},VALID,0
pld-556f095b-f9d4-4581-b804-38de27cfd61f,agt-1003,2026-06-07 23:59:00+00,2026-06-07 23:59:00+00,2026-06-07 23:59:00+00,LT-MJONES,mjones,AES-256-GCM,key-1,hash,hash,hash,{},VALID,0
pld-86842440-8a54-4d14-8e77-6425fae07ef2,agt-1004,2026-06-07 23:59:00+00,2026-06-07 23:59:00+00,2026-06-07 23:59:00+00,LT-BWILLIAMS,bwilliams,AES-256-GCM,key-1,hash,hash,hash,{},VALID,0
pld-5b113310-f13a-45be-8f03-c723ba6cfa20,agt-1005,2026-06-07 23:59:00+00,2026-06-07 23:59:00+00,2026-06-07 23:59:00+00,LT-CDAVIS,cdavis,AES-256-GCM,key-1,hash,hash,hash,{},VALID,0
pld-2250a7f7-deff-413c-ba9a-ebed5ff36e82,agt-1006,2026-06-07 23:59:00+00,2026-06-07 23:59:00+00,2026-06-07 23:59:00+00,LT-MSCOTT,mscott,AES-256-GCM,key-1,hash,hash,hash,{},VALID,0
pld-3389cb84-99cc-452b-a5e6-04934035f3e3,agt-1007,2026-06-07 23:59:00+00,2026-06-07 23:59:00+00,2026-06-07 23:59:00+00,LT-TJONES,tjones,AES-256-GCM,key-1,hash,hash,hash,{},VALID,0
pld-23826076-8c93-4c02-a941-ea0c472381ba,agt-1008,2026-06-07 23:59:00+00,2026-06-07 23:59:00+00,2026-06-07 23:59:00+00,LT-RWILSON,rwilson,AES-256-GCM,key-1,hash,hash,hash,{},VALID,0
pld-bd199dda-3657-40d7-87c2-37d65a1533bb,agt-1009,2026-06-07 23:59:00+00,2026-06-07 23:59:00+00,2026-06-07 23:59:00+00,LT-ESNOW,esnow,AES-256-GCM,key-1,hash,hash,hash,{},VALID,0
pld-7e7f1ffd-2bf8-45fa-8788-b2e923c1a37c,agt-1010,2026-06-07 23:59:00+00,2026-06-07 23:59:00+00,2026-06-07 23:59:00+00,LT-BADMIN,badmin,AES-256-GCM,key-1,hash,hash,hash,{},VALID,0
pld-7402a3df-2557-4ee0-80ee-b66fc3928460,agt-1001,2026-06-08 23:59:00+00,2026-06-08 23:59:00+00,2026-06-08 23:59:00+00,LT-JDOE,jdoe,AES-256-GCM,key-1,hash,hash,hash,{},VALID,0
pld-18813e52-7d24-4c0d-b92b-06f5d449372b,agt-1002,2026-06-08 23:59:00+00,2026-06-08 23:59:00+00,2026-06-08 23:59:00+00,LT-ASMITH,asmith,AES-256-GCM,key-1,hash,hash,hash,{},VALID,0
pld-6fd972f8-4310-45a1-9e55-2ed6a5a28705,agt-1003,2026-06-08 23:59:00+00,2026-06-08 23:59:00+00,2026-06-08 23:59:00+00,LT-MJONES,mjones,AES-256-GCM,key-1,hash,hash,hash,{},VALID,0
pld-40c2a7c9-1fe0-421a-8422-f0fed036fa48,agt-1004,2026-06-08 23:59:00+00,2026-06-08 23:59:00+00,2026-06-08 23:59:00+00,LT-BWILLIAMS,bwilliams,AES-256-GCM,key-1,hash,hash,hash,{},VALID,0
pld-584b0364-9410-44e2-904b-606a25144ced,agt-1005,2026-06-08 23:59:00+00,2026-06-08 23:59:00+00,2026-06-08 23:59:00+00,LT-CDAVIS,cdavis,AES-256-GCM,key-1,hash,hash,hash,{},VALID,0
pld-fc23fb73-1261-4cb1-b840-1a144396afd8,agt-1006,2026-06-08 23:59:00+00,2026-06-08 23:59:00+00,2026-06-08 23:59:00+00,LT-MSCOTT,mscott,AES-256-GCM,key-1,hash,hash,hash,{},VALID,0
pld-938eceb1-13cb-4b05-aec4-69356d1fe738,agt-1007,2026-06-08 23:59:00+00,2026-06-08 23:59:00+00,2026-06-08 23:59:00+00,LT-TJONES,tjones,AES-256-GCM,key-1,hash,hash,hash,{},VALID,0
pld-46779da7-cd4f-489c-992d-7155d160e0f4,agt-1008,2026-06-08 23:59:00+00,2026-06-08 23:59:00+00,2026-06-08 23:59:00+00,LT-RWILSON,rwilson,AES-256-GCM,key-1,hash,hash,hash,{},VALID,0
pld-89b5cd66-5cb8-4807-b9d8-94222dda774d,agt-1009,2026-06-08 23:59:00+00,2026-06-08 23:59:00+00,2026-06-08 23:59:00+00,LT-ESNOW,esnow,AES-256-GCM,key-1,hash,hash,hash,{},VALID,0
pld-4e46140d-b7e2-4742-b43d-8fb745f23667,agt-1010,2026-06-08 23:59:00+00,2026-06-08 23:59:00+00,2026-06-08 23:59:00+00,LT-BADMIN,badmin,AES-256-GCM,key-1,hash,hash,hash,{},VALID,0
pld-c8f4bb19-903d-4fac-953f-1551e49491c7,agt-1001,2026-06-09 23:59:00+00,2026-06-09 23:59:00+00,2026-06-09 23:59:00+00,LT-JDOE,jdoe,AES-256-GCM,key-1,hash,hash,hash,{},VALID,0
pld-a11b4688-83d3-4551-a30c-686cdd8c5d05,agt-1002,2026-06-09 23:59:00+00,2026-06-09 23:59:00+00,2026-06-09 23:59:00+00,LT-ASMITH,asmith,AES-256-GCM,key-1,hash,hash,hash,{},VALID,0
pld-5d46eb7f-838c-4d54-a3a3-bdac214cdbfe,agt-1003,2026-06-09 23:59:00+00,2026-06-09 23:59:00+00,2026-06-09 23:59:00+00,LT-MJONES,mjones,AES-256-GCM,key-1,hash,hash,hash,{},VALID,0
pld-7b45c2ac-cb5a-4ac2-b862-49d6e7f801cb,agt-1004,2026-06-09 23:59:00+00,2026-06-09 23:59:00+00,2026-06-09 23:59:00+00,LT-BWILLIAMS,bwilliams,AES-256-GCM,key-1,hash,hash,hash,{},VALID,0
pld-4155c646-7293-407b-a5ab-5b0977c55a4c,agt-1005,2026-06-09 23:59:00+00,2026-06-09 23:59:00+00,2026-06-09 23:59:00+00,LT-CDAVIS,cdavis,AES-256-GCM,key-1,hash,hash,hash,{},VALID,0
pld-532c15ce-0564-4327-8168-c90deed9c256,agt-1006,2026-06-09 23:59:00+00,2026-06-09 23:59:00+00,2026-06-09 23:59:00+00,LT-MSCOTT,mscott,AES-256-GCM,key-1,hash,hash,hash,{},VALID,0
pld-60dd0161-1907-4082-b875-c54978e63ea7,agt-1007,2026-06-09 23:59:00+00,2026-06-09 23:59:00+00,2026-06-09 23:59:00+00,LT-TJONES,tjones,AES-256-GCM,key-1,hash,hash,hash,{},VALID,0
pld-8ad6d7d7-8939-4b9e-ac38-77e228f813d4,agt-1008,2026-06-09 23:59:00+00,2026-06-09 23:59:00+00,2026-06-09 23:59:00+00,LT-RWILSON,rwilson,AES-256-GCM,key-1,hash,hash,hash,{},VALID,0
pld-e983bf65-be21-4fe2-a408-bcd9281316e7,agt-1009,2026-06-09 23:59:00+00,2026-06-09 23:59:00+00,2026-06-09 23:59:00+00,LT-ESNOW,esnow,AES-256-GCM,key-1,hash,hash,hash,{},VALID,0
pld-b2c6d632-5aa9-4b83-bdd0-272dc03265c8,agt-1010,2026-06-09 23:59:00+00,2026-06-09 23:59:00+00,2026-06-09 23:59:00+00,LT-BADMIN,badmin,AES-256-GCM,key-1,hash,hash,hash,{},VALID,0
pld-07585c71-9b99-4d3a-853a-f66c1aad2463,agt-1001,2026-06-10 23:59:00+00,2026-06-10 23:59:00+00,2026-06-10 23:59:00+00,LT-JDOE,jdoe,AES-256-GCM,key-1,hash,hash,hash,{},VALID,0
pld-1a41b5b3-635c-4ff2-9565-da67edfc8842,agt-1002,2026-06-10 23:59:00+00,2026-06-10 23:59:00+00,2026-06-10 23:59:00+00,LT-ASMITH,asmith,AES-256-GCM,key-1,hash,hash,hash,{},VALID,0
pld-bfa71251-1ddb-4755-a868-81fbb8245827,agt-1003,2026-06-10 23:59:00+00,2026-06-10 23:59:00+00,2026-06-10 23:59:00+00,LT-MJONES,mjones,AES-256-GCM,key-1,hash,hash,hash,{},VALID,0
pld-f9d9f87d-5b3c-477a-87d2-81a0db0f2803,agt-1004,2026-06-10 23:59:00+00,2026-06-10 23:59:00+00,2026-06-10 23:59:00+00,LT-BWILLIAMS,bwilliams,AES-256-GCM,key-1,hash,hash,hash,{},VALID,0
pld-bb6f6dc5-8241-467c-8721-74ff4776fcc6,agt-1005,2026-06-10 23:59:00+00,2026-06-10 23:59:00+00,2026-06-10 23:59:00+00,LT-CDAVIS,cdavis,AES-256-GCM,key-1,hash,hash,hash,{},VALID,0
pld-436dc0fb-9a9d-4008-86e7-11652a451704,agt-1006,2026-06-10 23:59:00+00,2026-06-10 23:59:00+00,2026-06-10 23:59:00+00,LT-MSCOTT,mscott,AES-256-GCM,key-1,hash,hash,hash,{},VALID,0
pld-687e4a68-280e-4156-9c7d-bcd9904a898f,agt-1007,2026-06-10 23:59:00+00,2026-06-10 23:59:00+00,2026-06-10 23:59:00+00,LT-TJONES,tjones,AES-256-GCM,key-1,hash,hash,hash,{},VALID,0
pld-b6ec087e-37a2-4f12-b37a-c96b61294802,agt-1008,2026-06-10 23:59:00+00,2026-06-10 23:59:00+00,2026-06-10 23:59:00+00,LT-RWILSON,rwilson,AES-256-GCM,key-1,hash,hash,hash,{},VALID,0
pld-cbe3c612-2bf0-4816-abf3-4aa4c48f96d3,agt-1009,2026-06-10 23:59:00+00,2026-06-10 23:59:00+00,2026-06-10 23:59:00+00,LT-ESNOW,esnow,AES-256-GCM,key-1,hash,hash,hash,{},VALID,0
pld-a1479501-6a14-4445-b302-d6f0540d240e,agt-1010,2026-06-10 23:59:00+00,2026-06-10 23:59:00+00,2026-06-10 23:59:00+00,LT-BADMIN,badmin,AES-256-GCM,key-1,hash,hash,hash,{},VALID,0
pld-6cd40662-026d-4039-9963-13f8e336ae6f,agt-1001,2026-06-11 23:59:00+00,2026-06-11 23:59:00+00,2026-06-11 23:59:00+00,LT-JDOE,jdoe,AES-256-GCM,key-1,hash,hash,hash,{},VALID,0
pld-6e304447-8dba-4f68-b4dd-7cd9a9c11dc3,agt-1002,2026-06-11 23:59:00+00,2026-06-11 23:59:00+00,2026-06-11 23:59:00+00,LT-ASMITH,asmith,AES-256-GCM,key-1,hash,hash,hash,{},VALID,0
pld-1df55bf3-d288-4a1a-8633-f3115a91592b,agt-1003,2026-06-11 23:59:00+00,2026-06-11 23:59:00+00,2026-06-11 23:59:00+00,LT-MJONES,mjones,AES-256-GCM,key-1,hash,hash,hash,{},VALID,0
pld-dbf1615f-8f2b-404c-8519-a81106aca0e9,agt-1004,2026-06-11 23:59:00+00,2026-06-11 23:59:00+00,2026-06-11 23:59:00+00,LT-BWILLIAMS,bwilliams,AES-256-GCM,key-1,hash,hash,hash,{},VALID,0
pld-6e290b0e-fae6-466c-8403-e94b2969d171,agt-1005,2026-06-11 23:59:00+00,2026-06-11 23:59:00+00,2026-06-11 23:59:00+00,LT-CDAVIS,cdavis,AES-256-GCM,key-1,hash,hash,hash,{},VALID,0
pld-770e379c-d1c8-4f6e-bec5-93479426a407,agt-1006,2026-06-11 23:59:00+00,2026-06-11 23:59:00+00,2026-06-11 23:59:00+00,LT-MSCOTT,mscott,AES-256-GCM,key-1,hash,hash,hash,{},VALID,0
pld-499addf5-6e4a-448d-bda7-91e48f534f64,agt-1007,2026-06-11 23:59:00+00,2026-06-11 23:59:00+00,2026-06-11 23:59:00+00,LT-TJONES,tjones,AES-256-GCM,key-1,hash,hash,hash,{},VALID,0
pld-f94ec5d1-3e08-498f-85ad-5a993dfc1b94,agt-1008,2026-06-11 23:59:00+00,2026-06-11 23:59:00+00,2026-06-11 23:59:00+00,LT-RWILSON,rwilson,AES-256-GCM,key-1,hash,hash,hash,{},VALID,0
pld-cbdb94da-d7ad-4a6c-9654-f95ec0d157f9,agt-1009,2026-06-11 23:59:00+00,2026-06-11 23:59:00+00,2026-06-11 23:59:00+00,LT-ESNOW,esnow,AES-256-GCM,key-1,hash,hash,hash,{},VALID,0
pld-68f59062-35a6-449c-ab22-9492a5735f0c,agt-1010,2026-06-11 23:59:00+00,2026-06-11 23:59:00+00,2026-06-11 23:59:00+00,LT-BADMIN,badmin,AES-256-GCM,key-1,hash,hash,hash,{},VALID,0
pld-0c245d6b-cfde-4722-820d-1c6668ed404f,agt-1001,2026-06-12 23:59:00+00,2026-06-12 23:59:00+00,2026-06-12 23:59:00+00,LT-JDOE,jdoe,AES-256-GCM,key-1,hash,hash,hash,{},VALID,0
pld-f9bc7356-5800-4bf1-8ba2-86a39b0c9e37,agt-1002,2026-06-12 23:59:00+00,2026-06-12 23:59:00+00,2026-06-12 23:59:00+00,LT-ASMITH,asmith,AES-256-GCM,key-1,hash,hash,hash,{},VALID,0
pld-0251fb55-5f2d-4258-a6b1-e41175de2df3,agt-1003,2026-06-12 23:59:00+00,2026-06-12 23:59:00+00,2026-06-12 23:59:00+00,LT-MJONES,mjones,AES-256-GCM,key-1,hash,hash,hash,{},VALID,0
pld-02011566-9adc-4ae7-8998-fdc544bab2e1,agt-1004,2026-06-12 23:59:00+00,2026-06-12 23:59:00+00,2026-06-12 23:59:00+00,LT-BWILLIAMS,bwilliams,AES-256-GCM,key-1,hash,hash,hash,{},VALID,0
pld-5527f492-a13c-402d-acdd-a1898e0d39ca,agt-1005,2026-06-12 23:59:00+00,2026-06-12 23:59:00+00,2026-06-12 23:59:00+00,LT-CDAVIS,cdavis,AES-256-GCM,key-1,hash,hash,hash,{},VALID,0
pld-471d2b8c-3913-4860-ab91-0458572f9030,agt-1006,2026-06-12 23:59:00+00,2026-06-12 23:59:00+00,2026-06-12 23:59:00+00,LT-MSCOTT,mscott,AES-256-GCM,key-1,hash,hash,hash,{},VALID,0
pld-f6f22358-d97b-4c73-91c1-ee85bcbc8bb6,agt-1007,2026-06-12 23:59:00+00,2026-06-12 23:59:00+00,2026-06-12 23:59:00+00,LT-TJONES,tjones,AES-256-GCM,key-1,hash,hash,hash,{},VALID,0
pld-1b18596d-1baa-4921-a7a2-605b562f0d88,agt-1008,2026-06-12 23:59:00+00,2026-06-12 23:59:00+00,2026-06-12 23:59:00+00,LT-RWILSON,rwilson,AES-256-GCM,key-1,hash,hash,hash,{},VALID,0
pld-1ac29356-ebca-4c6c-a866-3ad4c8868e90,agt-1009,2026-06-12 23:59:00+00,2026-06-12 23:59:00+00,2026-06-12 23:59:00+00,LT-ESNOW,esnow,AES-256-GCM,key-1,hash,hash,hash,{},VALID,0
pld-5f6e3942-71de-409f-ab20-883ddd2a11dc,agt-1010,2026-06-12 23:59:00+00,2026-06-12 23:59:00+00,2026-06-12 23:59:00+00,LT-BADMIN,badmin,AES-256-GCM,key-1,hash,hash,hash,{},VALID,0
pld-6c375670-b962-4269-99fe-f43df3f0c2ad,agt-1001,2026-06-13 23:59:00+00,2026-06-13 23:59:00+00,2026-06-13 23:59:00+00,LT-JDOE,jdoe,AES-256-GCM,key-1,hash,hash,hash,{},VALID,0
pld-dffffb5c-75a7-4d7b-8615-faf92cae0575,agt-1002,2026-06-13 23:59:00+00,2026-06-13 23:59:00+00,2026-06-13 23:59:00+00,LT-ASMITH,asmith,AES-256-GCM,key-1,hash,hash,hash,{},VALID,0
pld-4456f988-ddbb-4f6d-9979-10ce26d6a381,agt-1003,2026-06-13 23:59:00+00,2026-06-13 23:59:00+00,2026-06-13 23:59:00+00,LT-MJONES,mjones,AES-256-GCM,key-1,hash,hash,hash,{},VALID,0
pld-8ae103ba-e931-4881-a2da-954b4b86dc96,agt-1004,2026-06-13 23:59:00+00,2026-06-13 23:59:00+00,2026-06-13 23:59:00+00,LT-BWILLIAMS,bwilliams,AES-256-GCM,key-1,hash,hash,hash,{},VALID,0
pld-4ecc04f8-b7ae-4c97-9da4-76cfa0fdfa0a,agt-1005,2026-06-13 23:59:00+00,2026-06-13 23:59:00+00,2026-06-13 23:59:00+00,LT-CDAVIS,cdavis,AES-256-GCM,key-1,hash,hash,hash,{},VALID,0
pld-f0736722-26fd-45a1-9282-b1033961dc52,agt-1006,2026-06-13 23:59:00+00,2026-06-13 23:59:00+00,2026-06-13 23:59:00+00,LT-MSCOTT,mscott,AES-256-GCM,key-1,hash,hash,hash,{},VALID,0
pld-5e94cd6f-f80b-48ea-b4ad-bd64a80497e9,agt-1007,2026-06-13 23:59:00+00,2026-06-13 23:59:00+00,2026-06-13 23:59:00+00,LT-TJONES,tjones,AES-256-GCM,key-1,hash,hash,hash,{},VALID,0
pld-73912bb6-b1dc-4805-90ad-04380f10978b,agt-1008,2026-06-13 23:59:00+00,2026-06-13 23:59:00+00,2026-06-13 23:59:00+00,LT-RWILSON,rwilson,AES-256-GCM,key-1,hash,hash,hash,{},VALID,0
pld-377a3447-9295-42a8-ae22-386a5d49fede,agt-1009,2026-06-13 23:59:00+00,2026-06-13 23:59:00+00,2026-06-13 23:59:00+00,LT-ESNOW,esnow,AES-256-GCM,key-1,hash,hash,hash,{},VALID,0
pld-6be510a8-a880-4379-8577-e66580d6ac93,agt-1010,2026-06-13 23:59:00+00,2026-06-13 23:59:00+00,2026-06-13 23:59:00+00,LT-BADMIN,badmin,AES-256-GCM,key-1,hash,hash,hash,{},VALID,0
